AS,PS,NPV,RS,F1S
0.9750000000000001,0.9505398488486494,0.9834887323034729,0.95,0.9497661333656984
