AS,PS,NPV,RS,F1S
0.9796875,0.960008949469192,0.9865551939792931,0.959375,0.9593086054571567
