AS,PS,NPV,RS,F1S
0.9762500000000001,0.9534915444283025,0.9844356679259505,0.9525,0.9520913597195974
