AS,PS,NPV,RS,F1S
0.97875,0.9576833738439838,0.9859645591747948,0.9574999999999999,0.957242013793826
