AS,PS,NPV,RS,F1S
0.98,0.9613586232445426,0.986791408011518,0.9600000000000001,0.9600492162326262
