AS,PS,NPV,RS,F1S
0.9750000000000001,0.9522600091989367,0.9836137976870253,0.9500000000000001,0.949901457744377
