AS,PS,NPV,RS,F1S
0.9546875,0.9145572512160858,0.9699763202646603,0.909375,0.9101426845244436
