AS,PS,NPV,RS,F1S
0.94125,0.8904835664446704,0.9610864541994384,0.8825,0.8838003818279186
