AS,PS,NPV,RS,F1S
0.87,0.7331338066040571,0.9156589172171017,0.74,0.7326369435415799
