AS,PS,NPV,RS,F1S
0.86,0.7145456594106065,0.9090181994962264,0.72,0.7132643081367703
