AS,PS,NPV,RS,F1S
0.9837500000000001,0.9675364105303182,0.9892264531667603,0.9675,0.9673695046027468
