AS,PS,NPV,RS,F1S
0.98125,0.9626664947219101,0.9876535726501842,0.9624999999999999,0.9621758878202835
