AS,PS,NPV,RS,F1S
0.8585687960687961,0.8255614441576744,0.8255614441576744,0.7645923784291758,0.7877518333849174
