AS,PS,NPV,RS,F1S
0.8616612927990174,0.8313116714364293,0.8313116714364293,0.7680037169063783,0.7919535901752905
