AS,PS,NPV,RS,F1S
0.8382217444717445,0.7944385358393453,0.7944385358393453,0.7313275061805427,0.7539191670833467
