AS,PS,NPV,RS,F1S
0.8401658222017504,0.8003070681555309,0.8003070681555309,0.7301115845731619,0.7544539678578912
