AS,PS,NPV,RS,F1S
0.8445178132678133,0.8068087909147512,0.8068087909147512,0.7379231563119528,0.7622907308310805
