AS,PS,NPV,RS,F1S
0.8438507600184247,0.8060854295187421,0.8060854295187421,0.7362402885825716,0.760780853716784
