AS,PS,NPV,RS,F1S
0.844311377245509,0.8071408260789183,0.8071408260789183,0.7365436252863127,0.761287908054858
