AS,PS,NPV,RS,F1S
0.8421375921375921,0.8026871227559158,0.8026871227559158,0.7345595868392684,0.7585850461581048
