AS,PS,NPV,RS,F1S
0.8587440503608168,0.8210640862988637,0.8210640862988637,0.7717444826767916,0.7914865825313586
