AS,PS,NPV,RS,F1S
0.8664772727272727,0.833413378228844,0.833413378228844,0.7826446212703371,0.8030758332687316
