AS,PS,NPV,RS,F1S
0.8245048364808844,0.7697667609778511,0.7697667609778511,0.7141362384185221,0.7340765186136567
