AS,PS,NPV,RS,F1S
0.8194103194103194,0.7619643195605537,0.7619643195605537,0.7049516127049424,0.7248533524038525
