AS,PS,NPV,RS,F1S
0.8272685398433901,0.7850281124763071,0.7850281124763071,0.7004949211737274,0.726123646690954
