AS,PS,NPV,RS,F1S
0.8267813267813268,0.7825638096280283,0.7825638096280283,0.7020782705484525,0.7270343554035965
