AS,PS,NPV,RS,F1S
0.8567480423767849,0.8137909367859864,0.8137909367859864,0.7763096871711272,0.7920938136007414
