AS,PS,NPV,RS,F1S
0.8969978501228502,0.8730657613878272,0.8730657613878272,0.8355079411432176,0.8519262036157378
