AS,PS,NPV,RS,F1S
0.8254260709350529,0.7741124207992638,0.7741124207992638,0.7097343095478839,0.7316603319045498
