AS,PS,NPV,RS,F1S
0.8273187960687961,0.7777709231765337,0.7777709231765337,0.7120105652160857,0.7343775300853446
