AS,PS,NPV,RS,F1S
0.8464609243052357,0.803459188195567,0.803459188195567,0.7508073502403996,0.7711042384199058
