AS,PS,NPV,RS,F1S
0.8490479115479116,0.8054744879326001,0.8054744879326001,0.758485101501569,0.7771985183916711
