AS,PS,NPV,RS,F1S
0.85014586212191,0.8052389881521116,0.8052389881521116,0.7636867790594499,0.7807051340079175
