AS,PS,NPV,RS,F1S
0.8461686117936118,0.7985566577798533,0.7985566577798533,0.7592554569852978,0.775434334114824
