AS,PS,NPV,RS,F1S
0.8624289881774911,0.8361428567686573,0.8361428567686573,0.7648072676997999,0.7909170852398909
