AS,PS,NPV,RS,F1S
0.8693565724815725,0.8491271241526605,0.8491271241526605,0.7733843980069904,0.8010197399634562
