AS,PS,NPV,RS,F1S
0.8530631045601106,0.8211658266649372,0.8211658266649372,0.7503643393656755,0.7757627816154535
