AS,PS,NPV,RS,F1S
0.8537699631449631,0.8233260648838641,0.8233260648838641,0.7503296873825436,0.7762968571728399
