AS,PS,NPV,RS,F1S
0.839757371007371,0.8007163377150621,0.8007163377150621,0.7280939502932622,0.7529233124385541
