AS,PS,NPV,RS,F1S
0.8354061108552127,0.7923065536358054,0.7923065536358054,0.7228395642888096,0.7466470891508514
