AS,PS,NPV,RS,F1S
0.9812500000000001,0.9629466477154212,0.9876345332042877,0.9625,0.9622904110569637
