AS,PS,NPV,RS,F1S
0.9828125,0.96558623103286,0.9885976203226869,0.9656250000000001,0.9654870770292637
