AS,PS,NPV,RS,F1S
0.9834375,0.9668156846714078,0.989000768491652,0.9668749999999999,0.9667627250892608
