AS,PS,NPV,RS,F1S
0.9825,0.9650604922820192,0.9884524279510462,0.9650000000000001,0.9647341022762069
