AS,PS,NPV,RS,F1S
0.9803125,0.9617736294323336,0.9869889981286646,0.9606250000000001,0.960644583615625
