AS,PS,NPV,RS,F1S
0.9737499999999999,0.9503087987265788,0.9828421676352515,0.9475,0.9473760140414641
