AS,PS,NPV,RS,F1S
0.9225,0.8440079365079365,0.9487456715873883,0.845,0.8437323491655969
