AS,PS,NPV,RS,F1S
0.9378124999999999,0.8748669865638267,0.9586584507123732,0.875625,0.8751696710534682
