AS,PS,NPV,RS,F1S
0.8862500000000001,0.7737984181506469,0.9288381491315307,0.7725,0.7589276430379316
