AS,PS,NPV,RS,F1S
0.8784375,0.7588819457783906,0.9238690783987626,0.756875,0.741895295984666
