AS,PS,NPV,RS,F1S
0.9825,0.9659202335569174,0.9885055388842541,0.9650000000000001,0.9648199337530841
