AS,PS,NPV,RS,F1S
0.9825,0.9651205407132406,0.9884179471349,0.965,0.9648308694435501
