AS,PS,NPV,RS,F1S
0.817,0.7547298489596002,0.7547298489596002,0.5823805315330739,0.5941621444206165
