AS,PS,NPV,RS,F1S
0.825125,0.7881522542644631,0.7881522542644631,0.5980213038495247,0.616425948702317
