AS,PS,NPV,RS,F1S
0.8225,0.7470700687154288,0.7470700687154288,0.6160158617785736,0.6384323035783489
