AS,PS,NPV,RS,F1S
0.836875,0.7920163657468688,0.7920163657468688,0.6405509915150581,0.6702258583295972
