AS,PS,NPV,RS,F1S
0.8385,0.8095013808146586,0.8095013808146586,0.635180244820911,0.6651598861543614
