AS,PS,NPV,RS,F1S
0.834,0.7961522703128003,0.7961522703128003,0.6259788293686599,0.6532390812089005
