AS,PS,NPV,RS,F1S
0.820875,0.7718269139740312,0.7718269139740312,0.5898744113029827,0.6048637195166612
