AS,PS,NPV,RS,F1S
0.812,0.7356275365804976,0.7356275365804976,0.5710101472813337,0.577504354177201
