AS,PS,NPV,RS,F1S
0.80975,0.7301077496891836,0.7301077496891836,0.5641715865204033,0.5669970376850557
