AS,PS,NPV,RS,F1S
0.8,0.6774095770267332,0.6774095770267332,0.5415261177973042,0.5315621698977165
