AS,PS,NPV,RS,F1S
0.833875,0.803981061271748,0.803981061271748,0.6217762517937803,0.6483229067845001
