AS,PS,NPV,RS,F1S
0.818,0.7433893218300285,0.7433893218300285,0.5958130703893416,0.6127791394335511
