AS,PS,NPV,RS,F1S
0.8403193612774451,0.8002017299572257,0.8002017299572257,0.7308659927570624,0.7550310084584304
