AS,PS,NPV,RS,F1S
0.8394886363636364,0.798652090836978,0.798652090836978,0.7299850038583675,0.7539384772311373
