AS,PS,NPV,RS,F1S
0.8472435503685504,0.8096207511396936,0.8096207511396936,0.7443986639911018,0.7680699238095599
