AS,PS,NPV,RS,F1S
0.8507600184246891,0.8170408295862484,0.8170408295862484,0.7473232986318896,0.772310731179578
