AS,PS,NPV,RS,F1S
0.8435436818670352,0.810285996388507,0.810285996388507,0.72972286993665,0.7565026667771747
