AS,PS,NPV,RS,F1S
0.8439035626535627,0.811563146633449,0.811563146633449,0.7296273818542454,0.7567080821469421
