AS,PS,NPV,RS,F1S
0.8289574696760326,0.7899752401463607,0.7899752401463607,0.7007360944883515,0.727264587274045
