AS,PS,NPV,RS,F1S
0.8311578624078624,0.7931037109470718,0.7931037109470718,0.7053416534611543,0.7319644119702897
