AS,PS,NPV,RS,F1S
0.816981421771841,0.750339604868496,0.750339604868496,0.7344425156311261,0.7416463559921038
