AS,PS,NPV,RS,F1S
0.8229038697788698,0.7590264225449719,0.7590264225449719,0.7427357912011484,0.7501358699904286
