AS,PS,NPV,RS,F1S
0.8406403562653563,0.8012303133451342,0.8012303133451342,0.7307979595896205,0.7552279472290095
