AS,PS,NPV,RS,F1S
0.8403193612774451,0.8009658207499935,0.8009658207499935,0.7297771661748622,0.7543472805107501
