AS,PS,NPV,RS,F1S
0.8206691789425603,0.7333836186977637,0.8699565172221378,0.7310037684138404,0.7263980671684348
