AS,PS,NPV,RS,F1S
0.822537406750773,0.7363314658181933,0.8713058707015326,0.7338061101261596,0.7293230123882916
