AS,PS,NPV,RS,F1S
0.7909786456549046,0.6869403614889501,0.8469682710691457,0.6864679684823569,0.6822523977160366
