AS,PS,NPV,RS,F1S
0.7940166328357187,0.6916796554281359,0.8490568728081552,0.6910249492535779,0.6870709590098967
