AS,PS,NPV,RS,F1S
0.7728844237747344,0.6581736046981156,0.8323261522971209,0.6593266356621016,0.6558615756464606
