AS,PS,NPV,RS,F1S
0.7719310266072856,0.6565541808066416,0.8318787847850663,0.6578965399109284,0.6540586197961952
