AS,PS,NPV,RS,F1S
0.7775208338686331,0.6730722071894578,0.8460637523160144,0.6662812508029498,0.6515592123358191
