AS,PS,NPV,RS,F1S
0.7767043508050703,0.6710964477772,0.8454601875045337,0.6650565262076052,0.650162192412228
