AS,PS,NPV,RS,F1S
0.836800648640624,0.7567076297383858,0.8813684139088379,0.755200972960936,0.7510749007477737
