AS,PS,NPV,RS,F1S
0.833710174717369,0.7520651113837985,0.8793083626398829,0.7505652620760536,0.7460676539648818
