AS,PS,NPV,RS,F1S
0.7399337672718967,0.605663735014981,0.8124917324332909,0.6099006509078452,0.5990854818364543
