AS,PS,NPV,RS,F1S
0.7405266208164537,0.6072271295408093,0.8126872837740358,0.6107899312246803,0.6004133514383875
