AS,PS,NPV,RS,F1S
0.6963571999543223,0.5420205700997925,0.7798490457681518,0.5445357999314834,0.5331930511665969
