AS,PS,NPV,RS,F1S
0.6961495527748515,0.5419759513836641,0.7797295582404069,0.5442243291622771,0.5329204739756397
