AS,PS,NPV,RS,F1S
0.8921091698070116,0.8374389787219966,0.9201070098607133,0.8381637547105173,0.8368932419950413
