AS,PS,NPV,RS,F1S
0.9137753339557086,0.8701302326744332,0.9359914690321963,0.8706630009335629,0.8698361800227508
