AS,PS,NPV,RS,F1S
0.7371635105389828,0.6003343192441233,0.8082701622395517,0.6057452658084741,0.595917482509641
