AS,PS,NPV,RS,F1S
0.7360511590727419,0.5984018211491149,0.8076634861485931,0.6040767386091127,0.593781791213597
