AS,PS,NPV,RS,F1S
0.8331006563489413,0.754728464531332,0.8802934851387333,0.7496509845234117,0.7443236325613092
