AS,PS,NPV,RS,F1S
0.8219938335046248,0.7368747864008021,0.8724291303963837,0.7329907502569374,0.726721647146138
