AS,PS,NPV,RS,F1S
0.8240505208824026,0.7367758840422832,0.8718132759962929,0.7360757813236037,0.7317346185082191
