AS,PS,NPV,RS,F1S
0.8216740892999885,0.7329803199375533,0.8701913859328219,0.7325111339499829,0.7279158334527546
