AS,PS,NPV,RS,F1S
0.8281603288797533,0.7465660861616926,0.8765083648673156,0.7422404933196299,0.7364527216909066
