AS,PS,NPV,RS,F1S
0.8300801379503299,0.7494603822667232,0.8777122332437369,0.7451202069254949,0.7396747022273904
