AS,PS,NPV,RS,F1S
0.8337558524608885,0.7522759198780627,0.879277377935269,0.7506337786913327,0.7462765051761332
