AS,PS,NPV,RS,F1S
0.8434069620379648,0.7675990586191984,0.8861035400852376,0.7651104430569474,0.7615007600644063
