AS,PS,NPV,RS,F1S
0.7416229148288039,0.6124259195504211,0.8244189167459607,0.612434372243206,0.5863475253634286
