AS,PS,NPV,RS,F1S
0.7397053785542994,0.6101901267657348,0.8232708647371622,0.6095580678314492,0.5834150335286549
