AS,PS,NPV,RS,F1S
0.825875,0.7781704869770569,0.7781704869770569,0.6062529495044833,0.627366730356059
