AS,PS,NPV,RS,F1S
0.821,0.7655557950202103,0.7655557950202103,0.5931231693943558,0.609429548945678
