AS,PS,NPV,RS,F1S
0.837,0.8086941198497748,0.8086941198497748,0.6296913246065788,0.6584749544807876
