AS,PS,NPV,RS,F1S
0.846625,0.8224691487771473,0.8224691487771473,0.6560319172501469,0.6903812956236929
