AS,PS,NPV,RS,F1S
0.858875,0.8344314222363003,0.8344314222363003,0.6906583775558359,0.7283852046320667
