AS,PS,NPV,RS,F1S
0.8445,0.8094322344322344,0.8094322344322344,0.6563504953335462,0.6895326068130123
