AS,PS,NPV,RS,F1S
0.8295,0.7743543754037301,0.7743543754037301,0.6231539706115977,0.6485939895144981
