AS,PS,NPV,RS,F1S
0.83375,0.7883831521739131,0.7883831521739131,0.6308279800830195,0.6586143722065896
