AS,PS,NPV,RS,F1S
0.8085,0.6999352073365231,0.6999352073365231,0.5989957600127092,0.6154832737733991
