AS,PS,NPV,RS,F1S
0.819875,0.7363748160784607,0.7363748160784607,0.6161806204312777,0.6379369580027285
