AS,PS,NPV,RS,F1S
0.856625,0.823699827053634,0.823699827053634,0.6908432934287448,0.7269602718566354
