AS,PS,NPV,RS,F1S
0.836,0.7773454413033941,0.7773454413033941,0.6491853949481068,0.6784313725490196
