AS,PS,NPV,RS,F1S
0.70875,0.20844979980358086,0.8352691949333938,0.4175,0.2776192440168987
