AS,PS,NPV,RS,F1S
0.7153125,0.2152298666048531,0.8408254226059119,0.43062500000000004,0.28685820230952275
