AS,PS,NPV,RS,F1S
0.97875,0.9579493001517743,0.9859755691433216,0.9575,0.9572729563506661
