AS,PS,NPV,RS,F1S
0.983125,0.9663499369687951,0.9888141441191859,0.9662499999999999,0.9661257377870633
