AS,PS,NPV,RS,F1S
0.97375,0.9487409651052824,0.9826319299208819,0.9475,0.9475121449268571
