AS,PS,NPV,RS,F1S
0.9815625000000001,0.963715480704681,0.9878076329012656,0.963125,0.9630422718049713
