AS,PS,NPV,RS,F1S
0.9768749999999999,0.9552418126572302,0.9847131650165448,0.95375,0.9538135953592399
