AS,PS,NPV,RS,F1S
0.97125,0.9462869052676296,0.9812738275746102,0.9425000000000001,0.9423634934869862
