AS,PS,NPV,RS,F1S
0.9037499999999999,0.8064615596175002,0.9362141580081116,0.8075000000000001,0.8062825361976645
