AS,PS,NPV,RS,F1S
0.9603124999999999,0.9220044749413434,0.9735577202180645,0.920625,0.9209315624041555
