AS,PS,NPV,RS,F1S
0.93,0.858780481189386,0.9538867212125919,0.8599999999999999,0.8583469452160735
