AS,PS,NPV,RS,F1S
0.923125,0.8444985933192576,0.9492640503048547,0.84625,0.8445465747085419
