AS,PS,NPV,RS,F1S
0.8878124999999999,0.7969403435378777,0.9343343932472713,0.775625,0.7448724450472113
