AS,PS,NPV,RS,F1S
0.8775000000000001,0.76839409552017,0.9289106339010729,0.7550000000000001,0.7141283941934603
