AS,PS,NPV,RS,F1S
0.94,0.8811339407784297,0.9599435717225264,0.88,0.8804012240045134
