AS,PS,NPV,RS,F1S
0.8803125,0.7556264439382028,0.9234748714542854,0.7606250000000001,0.750421885448058
