AS,PS,NPV,RS,F1S
0.85,0.6854249823140377,0.9036223218171087,0.7,0.6866736148187866
