AS,PS,NPV,RS,F1S
0.9578125,0.9167795889186338,0.9718661840430367,0.915625,0.9159269871682916
