AS,PS,NPV,RS,F1S
0.91,0.8233477160681492,0.9403305578335892,0.8200000000000001,0.8200307412614113
