AS,PS,NPV,RS,F1S
0.984375,0.9687077275465779,0.9896103540958767,0.96875,0.9686773014877631
