AS,PS,NPV,RS,F1S
0.9825,0.9649662595311151,0.9883635656976679,0.9650000000000001,0.9649228085637633
