AS,PS,NPV,RS,F1S
0.973125,0.9473955814201697,0.9820729339339043,0.9462499999999999,0.9465536829350883
