AS,PS,NPV,RS,F1S
0.9312499999999999,0.8638708513708514,0.9541085296014968,0.8625,0.8629626479835715
