AS,PS,NPV,RS,F1S
0.985,0.970538180569626,0.9901267746746183,0.97,0.9698319418776069
