AS,PS,NPV,RS,F1S
0.983125,0.9663659093530309,0.9888302631947583,0.9662499999999999,0.9660906432896631
