AS,PS,NPV,RS,F1S
0.9778125,0.9555710019565442,0.9852881458658791,0.955625,0.9554305258979248
