AS,PS,NPV,RS,F1S
0.9762500000000001,0.9527039940346391,0.9843557375728234,0.9524999999999999,0.9521065527781138
