AS,PS,NPV,RS,F1S
0.9444444444444443,0.9166666666666666,0.9594676346037506,0.9074074074074074,0.9011904761904762
