AS,PS,NPV,RS,F1S
0.9444444444444445,0.9148148148148149,0.9567562067562068,0.9074074074074074,0.9092420593968583
