AS,PS,NPV,RS,F1S
0.9629629629629629,0.94541910331384,0.9757495590828924,0.9259259259259259,0.934346110816699
