AS,PS,NPV,RS,F1S
0.9629629629629629,0.9393939393939394,0.9666666666666667,0.9629629629629629,0.9470588235294118
