AS,PS,NPV,RS,F1S
0.9259259259259259,0.8681704260651628,0.9526967285587976,0.8518518518518517,0.8550260787102894
