AS,PS,NPV,RS,F1S
0.9953051643192489,0.9947089947089948,0.9967948717948718,0.9914529914529915,0.993004329004329
