AS,PS,NPV,RS,F1S
0.9812206572769954,0.9756030701754387,0.9860482654600302,0.9693995575191483,0.9723157500935279
