AS,PS,NPV,RS,F1S
0.9629629629629629,0.9444444444444443,0.9691358024691358,0.9444444444444443,0.9444444444444443
