AS,PS,NPV,RS,F1S
0.9444444444444445,0.9166666666666666,0.9547619047619048,0.9259259259259259,0.9131652661064426
