AS,PS,NPV,RS,F1S
0.9906103286384976,0.9837301587301588,0.991869918699187,0.989247311827957,0.9863000455859545
