AS,PS,NPV,RS,F1S
0.9814814814814815,0.9824561403508771,0.9880952380952381,0.9629629629629629,0.9713831478537361
