AS,PS,NPV,RS,F1S
0.9859154929577465,0.9758033294618661,0.9879518072289156,0.9838709677419355,0.9793861395997211
