AS,PS,NPV,RS,F1S
0.9629629629629629,0.9393939393939394,0.9770114942528735,0.9259259259259259,0.9249999999999999
