AS,PS,NPV,RS,F1S
0.9953051643192489,0.9916666666666667,0.9958847736625515,0.9946236559139785,0.9930705636170285
