AS,PS,NPV,RS,F1S
0.8448249385749386,0.8075873142918637,0.8075873142918637,0.7380165874537454,0.7625634894389188
