AS,PS,NPV,RS,F1S
0.8466144633809305,0.8109828786042208,0.8109828786042208,0.7400201966529787,0.7650148209076373
