AS,PS,NPV,RS,F1S
0.8404867936117936,0.8013424536717895,0.8013424536717895,0.7300437550370893,0.7546500077172413
