AS,PS,NPV,RS,F1S
0.8381698142177184,0.7959469771604711,0.7959469771604711,0.7285793602071768,0.752146400641234
