AS,PS,NPV,RS,F1S
0.8398587440503608,0.8043518904730607,0.8043518904730607,0.7235941659272405,0.7500525885816345
