AS,PS,NPV,RS,F1S
0.8372619778869779,0.7989280124704072,0.7989280124704072,0.7209538158741444,0.7466286607687465
