AS,PS,NPV,RS,F1S
0.8423153692614771,0.807483606705194,0.807483606705194,0.7286962067435669,0.7550106995206505
