AS,PS,NPV,RS,F1S
0.8367628992628993,0.797861101186212,0.797861101186212,0.7204618513352532,0.7459787355882116
