AS,PS,NPV,RS,F1S
0.8262054668304668,0.784079825621057,0.784079825621057,0.697726181054478,0.7234662442184969
