AS,PS,NPV,RS,F1S
0.8303393213572854,0.7911740507026527,0.7911740507026527,0.7044770537132952,0.7308332331933393
