AS,PS,NPV,RS,F1S
0.8404729003531399,0.8051395155108627,0.8051395155108627,0.724869676131322,0.7512968146877252
