AS,PS,NPV,RS,F1S
0.844210687960688,0.8106187130724287,0.8106187130724287,0.7318432799409424,0.7583270839933245
