AS,PS,NPV,RS,F1S
0.8062578508621674,0.7096034175020511,0.8591141207721601,0.7093867762932512,0.7040259724344522
