AS,PS,NPV,RS,F1S
0.8082912944548649,0.7128570233221746,0.8604727785684118,0.7124369416822974,0.7073588886961462
