AS,PS,NPV,RS,F1S
0.7939248601119105,0.6906943542771247,0.849408178646658,0.6908872901678658,0.6862907701384513
