AS,PS,NPV,RS,F1S
0.7957924007411404,0.6937592345470285,0.8506620082573836,0.6936886011117106,0.6893284788222026
