AS,PS,NPV,RS,F1S
0.8134292565947242,0.720961348990123,0.8647417786479247,0.7201438848920864,0.7141045861589596
