AS,PS,NPV,RS,F1S
0.8152173602724747,0.7235596434623591,0.8657868632103205,0.7228260404087122,0.7172473927805245
