AS,PS,NPV,RS,F1S
0.7386709148059646,0.607099630660226,0.8151963998564904,0.6080063722089468,0.5925517678877738
