AS,PS,NPV,RS,F1S
0.7360511590727418,0.6025105882608982,0.8134480746330494,0.6040767386091127,0.5881134414699307
