AS,PS,NPV,RS,F1S
0.6653876898481216,0.5197629856768071,0.7475292783221291,0.49808153477218226,0.5020256473408627
