AS,PS,NPV,RS,F1S
0.6687364926014429,0.524402355990408,0.7501521122855617,0.5031047389021643,0.5068887052244517
