AS,PS,NPV,RS,F1S
0.7633892885691447,0.6436096009910739,0.8303315766840734,0.645083932853717,0.6354987887239848
