AS,PS,NPV,RS,F1S
0.7633032708959635,0.6432061041305936,0.8303881042202975,0.6449549063439451,0.6351396176980706
