AS,PS,NPV,RS,F1S
0.9083028318243113,0.9087762481272537,0.9087762481272537,0.9047567487575752,0.906478578892372
