AS,PS,NPV,RS,F1S
0.9181275284145637,0.9182341875034662,0.9182341875034662,0.9152961684789936,0.9166067537879303
