AS,PS,NPV,RS,F1S
0.9047389712964746,0.9049820835290849,0.9049820835290849,0.9012742790918848,0.9028756670571392
