AS,PS,NPV,RS,F1S
0.8940473897129647,0.8956187131061624,0.8956187131061624,0.889040741648274,0.8916191444234831
