AS,PS,NPV,RS,F1S
0.9264110961279137,0.9257153369927388,0.9257153369927388,0.924745188306654,0.9252112495034378
