AS,PS,NPV,RS,F1S
0.9208245039491427,0.9202695889095035,0.9202695889095035,0.91878441740531,0.9194831784833492
