AS,PS,NPV,RS,F1S
0.891928337507224,0.893716066340879,0.893716066340879,0.8866741894815013,0.8893924630113506
