AS,PS,NPV,RS,F1S
0.8969370063571566,0.8984297786181082,0.8984297786181082,0.8921109841442517,0.894612143879563
