AS,PS,NPV,RS,F1S
0.8593719899826623,0.8599276762752791,0.8599276762752791,0.8537428867053838,0.8561150068422101
