AS,PS,NPV,RS,F1S
0.8642843382777885,0.8647609091248855,0.8647609091248855,0.8589511223029729,0.8612188454872785
