AS,PS,NPV,RS,F1S
0.9004045463301869,0.9032472910377569,0.9032472910377569,0.8947528517224865,0.8979316158746817
