AS,PS,NPV,RS,F1S
0.906761702947409,0.9087781970153963,0.9087781970153963,0.9019293168240605,0.9046220329400323
