AS,PS,NPV,RS,F1S
0.9271816605663649,0.9266210366959993,0.9266210366959993,0.9253840170360104,0.9259722483363475
