AS,PS,NPV,RS,F1S
0.9248699672510113,0.924818689032596,0.924818689032596,0.922436795244713,0.9235226520639352
