AS,PS,NPV,RS,F1S
0.9230398767096899,0.9225596847393283,0.9225596847393283,0.921000136349642,0.9217321212368246
