AS,PS,NPV,RS,F1S
0.9206318628395299,0.9206340685041234,0.9206340685041234,0.9179907694820861,0.9191831936085747
