AS,PS,NPV,RS,F1S
0.927952225004816,0.9279654133114136,0.9279654133114136,0.9255658763190169,0.9266601842869534
