AS,PS,NPV,RS,F1S
0.9297341552687344,0.9294977949530923,0.9294977949530923,0.9276704518157346,0.9285210722380423
