AS,PS,NPV,RS,F1S
0.9316124060874591,0.9319552469692884,0.9319552469692884,0.9290453303270922,0.9303513231979628
