AS,PS,NPV,RS,F1S
0.9254478905798498,0.9256287318866963,0.9256287318866963,0.9228081890179562,0.9240751362934068
