AS,PS,NPV,RS,F1S
0.9826623001348488,0.9826888126070152,0.9826888126070152,0.9821005422876825,0.9823887117670049
