AS,PS,NPV,RS,F1S
0.9370063571566172,0.9363715955216287,0.9363715955216287,0.9356427109017824,0.9359966490427702
