AS,PS,NPV,RS,F1S
0.8838374109034868,0.884700282595547,0.884700282595547,0.8789866623748044,0.8812654656934007
