AS,PS,NPV,RS,F1S
0.8836929300712772,0.8841499937103346,0.8841499937103346,0.879197895093808,0.8812217259280481
