AS,PS,NPV,RS,F1S
0.8823444423039877,0.8829226783112056,0.8829226783112056,0.8776855320277417,0.8798034928069633
