AS,PS,NPV,RS,F1S
0.8784434598343287,0.8798990045696817,0.8798990045696817,0.8728887669244496,0.8755613711388799
