AS,PS,NPV,RS,F1S
0.9595453669813138,0.9602751534836879,0.9602751534836879,0.957591110902144,0.9588155956024027
