AS,PS,NPV,RS,F1S
0.8722307840493161,0.8735876200073448,0.8735876200073448,0.8664981837675775,0.8691758198471677
