AS,PS,NPV,RS,F1S
0.8676555576960123,0.8690996296455794,0.8690996296455794,0.861649904593468,0.8644192888969688
