AS,PS,NPV,RS,F1S
0.9163937584280486,0.9220014812060344,0.9220014812060344,0.9097648758690343,0.9140398953015423
