AS,PS,NPV,RS,F1S
0.9272779811211712,0.9313825977843992,0.9313825977843992,0.9218842757631528,0.925444716410835
