AS,PS,NPV,RS,F1S
0.9388364476979387,0.9391935318112918,0.9391935318112918,0.9365104096504767,0.9377265906231004
