AS,PS,NPV,RS,F1S
0.936235792718166,0.93756738786659,0.93756738786659,0.9329944299222371,0.9349493353438143
