AS,PS,NPV,RS,F1S
0.9942689269890195,0.9946076292920617,0.9946076292920617,0.9937696633640642,0.9941771367259513
