AS,PS,NPV,RS,F1S
0.9593527258717011,0.9598320502259319,0.9598320502259319,0.9576108522631888,0.9586387887901666
