AS,PS,NPV,RS,F1S
0.9501059526102871,0.9509987342191067,0.9509987342191067,0.9476972983269272,0.9491710762578087
