AS,PS,NPV,RS,F1S
0.9639279522250048,0.9644790406160175,0.9644790406160175,0.9622752977537778,0.9632967363309857
