AS,PS,NPV,RS,F1S
0.9015122327104604,0.9020448855208509,0.9020448855208509,0.8976579714486657,0.8995071266504902
