AS,PS,NPV,RS,F1S
0.8955885185898671,0.8966034788934295,0.8966034788934295,0.8910837464702899,0.8933198379338723
