AS,PS,NPV,RS,F1S
0.7979434447300772,0.8029413408782098,0.8029413408782098,0.7979764336678805,0.7971188398919324
