AS,PS,NPV,RS,F1S
0.8051948051948052,0.8092835835180496,0.8092835835180496,0.8051874113120578,0.8045462067043485
