AS,PS,NPV,RS,F1S
0.8158673010158158,0.8247219843637579,0.8247219843637579,0.8158566831952949,0.8145999186259372
