AS,PS,NPV,RS,F1S
0.8087403598971722,0.8196786990332072,0.8196786990332072,0.8087878903226625,0.8071066152241653
