AS,PS,NPV,RS,F1S
0.8143958868894602,0.8169260791623769,0.8169260791623769,0.8144188353021287,0.8140323109076659
