AS,PS,NPV,RS,F1S
0.8230680210878231,0.8259258404229852,0.8259258404229852,0.8230619998158784,0.8226774270991042
