AS,PS,NPV,RS,F1S
0.8060948952038061,0.8094366633745212,0.8094366633745212,0.8060882122944635,0.8055675991911098
