AS,PS,NPV,RS,F1S
0.8005141388174807,0.8051533265484028,0.8051533265484028,0.8005458067408507,0.7997645975020591
