AS,PS,NPV,RS,F1S
0.7732647814910025,0.7835181130966222,0.7835181130966222,0.7733136242328889,0.7712173017540689
