AS,PS,NPV,RS,F1S
0.7691912048347692,0.778341923401024,0.778341923401024,0.7691795446056038,0.7672732805783103
