AS,PS,NPV,RS,F1S
0.8215250096438216,0.8287413240934591,0.8287413240934591,0.8215154831555078,0.8205371345729258
