AS,PS,NPV,RS,F1S
0.8185089974293059,0.8274709890043,0.8274709890043,0.8185515079999492,0.8172724671816469
