AS,PS,NPV,RS,F1S
0.9872222222222222,0.9386035836848567,0.9929404985880756,0.9341367159971812,0.9345583494242338
