AS,PS,NPV,RS,F1S
0.995963813500348,0.980003800966925,0.9977616946752953,0.9796425873575532,0.9797316815808974
