AS,PS,NPV,RS,F1S
0.9947112038970077,0.9733057429900253,0.997068844644733,0.9734786294608316,0.9732157266487957
