AS,PS,NPV,RS,F1S
0.9872222222222222,0.9403135148259704,0.9929486920056831,0.9323950407244668,0.9354529209509741
