AS,PS,NPV,RS,F1S
0.9888888888888887,0.9460056947021235,0.9939187146558142,0.9394047619047619,0.9413569136421727
