AS,PS,NPV,RS,F1S
0.996938065414057,0.9848922179182423,0.9983040161261274,0.9845047850229485,0.9845726379423618
