AS,PS,NPV,RS,F1S
0.9812108559498955,0.9066576953720794,0.989610577962144,0.9057017948104212,0.9048723712322746
