AS,PS,NPV,RS,F1S
0.9716666666666667,0.863830660611483,0.9844344832854771,0.8578007110002609,0.8554410656900222
