AS,PS,NPV,RS,F1S
0.9677777777777777,0.840605210901875,0.9823101176510264,0.8353064639265876,0.831461140887533
