AS,PS,NPV,RS,F1S
0.9693806541405705,0.8470174310788241,0.9831261239093028,0.8466168856707995,0.8436745302534616
