AS,PS,NPV,RS,F1S
0.9929018789144048,0.9643953853718914,0.9960638608388284,0.9643785700864335,0.9642179923737997
