AS,PS,NPV,RS,F1S
0.981111111111111,0.9094701081943096,0.989562771291118,0.9041489857042183,0.9044280679274384
