AS,PS,NPV,RS,F1S
0.9430666666666667,0.9279297075105551,0.9528920861438314,0.8839796608176349,0.8987515243707952
