AS,PS,NPV,RS,F1S
0.9415409359283657,0.926322771710323,0.9516512453486881,0.8807588604035317,0.8955534235421618
