AS,PS,NPV,RS,F1S
0.9475576778043058,0.9384442367470003,0.9591855483747994,0.8860183818792717,0.9027375044483087
