AS,PS,NPV,RS,F1S
0.9486666666666667,0.9393866767423171,0.959820493220768,0.889074570989504,0.9051334134032493
