AS,PS,NPV,RS,F1S
0.955832781243099,0.9452982816698426,0.9653518136694696,0.9047074056397778,0.9195419862310713
