AS,PS,NPV,RS,F1S
0.9561333333333333,0.9470862266006219,0.9661119365365952,0.9039677828266446,0.9197620845959724
