AS,PS,NPV,RS,F1S
0.902648783109789,0.8757703840404131,0.9169905421943249,0.8056060065334418,0.8327293304431974
