AS,PS,NPV,RS,F1S
0.9033000000000001,0.8771019985219688,0.9175953152465565,0.8069912465546641,0.8343292834518808
