AS,PS,NPV,RS,F1S
0.805,0.5242006469564898,0.869501120259112,0.5497459268983527,0.5226905607889618
