AS,PS,NPV,RS,F1S
0.8042225527819098,0.8577464103511434,0.8695110975522214,0.5471309074788997,0.5208727587832466
