AS,PS,NPV,RS,F1S
0.9470333333333333,0.9243963693031727,0.952803387407307,0.9034572674606877,0.9107229498452494
