AS,PS,NPV,RS,F1S
0.9454576515539778,0.9219645977596854,0.9513084891062337,0.9008633742047398,0.9081002097145516
