AS,PS,NPV,RS,F1S
0.9816666666666668,0.9110352230451337,0.9898727154644866,0.9063786265830526,0.9065311813432411
