AS,PS,NPV,RS,F1S
0.9926235212247738,0.9635408181731695,0.9959103983256128,0.9628642497411987,0.9630056431835289
