AS,PS,NPV,RS,F1S
0.9887265135699375,0.9437920889310153,0.9937540850517543,0.9429065484079956,0.9430077359704864
