AS,PS,NPV,RS,F1S
0.9816666666666667,0.9102792632204396,0.9898082542629355,0.90829400734924,0.9081233453690098
