AS,PS,NPV,RS,F1S
0.9844444444444445,0.9234227017323366,0.9913481292939901,0.9226244737591323,0.9219787585462498
