AS,PS,NPV,RS,F1S
0.991231732776618,0.9559324294409928,0.995140293913674,0.955996117874542,0.955687071944757
