AS,PS,NPV,RS,F1S
0.9766179540709812,0.8902245056483065,0.9870006581816384,0.8828201266427493,0.8848338545985539
