AS,PS,NPV,RS,F1S
0.9938761308281141,0.9698476331808354,0.9966131134422256,0.969072243908166,0.9690467737684175
