AS,PS,NPV,RS,F1S
0.986111111111111,0.9354398619843216,0.9923327792249681,0.9293062686667337,0.9308721353842883
