AS,PS,NPV,RS,F1S
0.9516666666666665,0.7640820332250696,0.9734588068045007,0.7624163677553587,0.7515134433682895
