AS,PS,NPV,RS,F1S
0.9610299234516354,0.8138596089033792,0.9786430371456578,0.8026016774104361,0.7992589447416231
