AS,PS,NPV,RS,F1S
0.9850000000000001,0.92760604560755,0.99170515012943,0.9226338490737402,0.9236438236575074
