AS,PS,NPV,RS,F1S
0.9546276965901181,0.7725380485815757,0.9748977344600975,0.772705657074201,0.7704681612818762
