AS,PS,NPV,RS,F1S
0.9511111111111111,0.7664676225097308,0.9729493459653288,0.7589119323932716,0.7540860327141803
