AS,PS,NPV,RS,F1S
0.9922222222222221,0.9649642419619535,0.9957586663825637,0.9574603174603176,0.9595633356156178
