AS,PS,NPV,RS,F1S
0.9973556019485038,0.9868040827366162,0.9985312361939276,0.9868392207250686,0.98677456188971
