AS,PS,NPV,RS,F1S
0.9991649269311067,0.995893674670653,0.9995367282930852,0.9957789220918599,0.9958218216964048
