AS,PS,NPV,RS,F1S
0.986111111111111,0.9314244579945801,0.9923026819107493,0.9282761376220676,0.9289351000344789
