AS,PS,NPV,RS,F1S
0.9944444444444445,0.9732712493177414,0.9969462261039489,0.9702380952380952,0.9712244872110715
