AS,PS,NPV,RS,F1S
0.9755555555555556,0.876206360839188,0.9864890460989697,0.8758286859323056,0.8746160276296289
