AS,PS,NPV,RS,F1S
0.9877522616562283,0.9384612142114934,0.993209531194385,0.9383630072966851,0.9382336324955697
