AS,PS,NPV,RS,F1S
0.8585,0.8227960102960103,0.8227960102960103,0.6980655539977574,0.7337521797276275
