AS,PS,NPV,RS,F1S
0.860125,0.8236558112883201,0.8236558112883201,0.703997361096397,0.739403629631193
