AS,PS,NPV,RS,F1S
0.817,0.7413686868483474,0.7413686868483474,0.5924414398990671,0.6082209377007065
