AS,PS,NPV,RS,F1S
0.824625,0.7703584755755201,0.7703584755755201,0.606152786739991,0.6270188179706613
