AS,PS,NPV,RS,F1S
0.8245,0.7669354838709677,0.7669354838709677,0.6072104461934971,0.6283336801160108
