AS,PS,NPV,RS,F1S
0.83075,0.7905925501301916,0.7905925501301916,0.6177596286272886,0.6426684485740781
