AS,PS,NPV,RS,F1S
0.814,0.7165103586647401,0.7165103586647401,0.6088507613931342,0.6281123100823551
