AS,PS,NPV,RS,F1S
0.83575,0.7818365407460204,0.7818365407460204,0.6444096657067735,0.6736716742170449
