AS,PS,NPV,RS,F1S
0.99775,0.9985911083281152,0.9985911083281152,0.994478527607362,0.996518496117978
