AS,PS,NPV,RS,F1S
0.7945,0.6851415094339622,0.6851415094339622,0.6908163942062248,0.6878606263520819
