AS,PS,NPV,RS,F1S
0.827,0.7579647749510763,0.7579647749510763,0.6270723728350847,0.6521347465107908
