AS,PS,NPV,RS,F1S
0.836375,0.7881050452845251,0.7881050452845251,0.6416065529562462,0.6711030381856847
