AS,PS,NPV,RS,F1S
0.831125,0.789178202034642,0.789178202034642,0.6200494072097928,0.6454938107542445
