AS,PS,NPV,RS,F1S
0.8085,0.7035845907795006,0.7035845907795006,0.6986902156393682,0.70106138817569
