AS,PS,NPV,RS,F1S
0.809,0.7108516801123298,0.7108516801123298,0.5773585604094078,0.5872153460799505
