AS,PS,NPV,RS,F1S
0.814625,0.7336687831210102,0.7336687831210102,0.58800406429679,0.6020473363083403
