AS,PS,NPV,RS,F1S
0.827,0.7848391814682693,0.7848391814682693,0.6060359280698264,0.6272965426907036
