AS,PS,NPV,RS,F1S
0.837875,0.8124720079522043,0.8124720079522043,0.6313639471834038,0.6606936963030033
