AS,PS,NPV,RS,F1S
0.8575,0.8192849517614311,0.8192849517614311,0.6974378076072991,0.7325589742651354
