AS,PS,NPV,RS,F1S
0.862125,0.8234706350369825,0.8234706350369825,0.7118726584546041,0.7464920798454566
