AS,PS,NPV,RS,F1S
0.8555,0.7976985656176407,0.7976985656176407,0.7144748754918246,0.7430735427535848
