AS,PS,NPV,RS,F1S
0.99875,0.9992163009404389,0.9992163009404389,0.9969325153374233,0.9980693815987933
