AS,PS,NPV,RS,F1S
0.88175,0.8720168544148647,0.8720168544148647,0.7404021920235768,0.781557520280687
