AS,PS,NPV,RS,F1S
0.8505,0.8063340807174888,0.8063340807174888,0.6820680464748261,0.7157620405433602
