AS,PS,NPV,RS,F1S
0.82,0.7436896433361289,0.7436896433361289,0.606214843502979,0.6262458471760798
