AS,PS,NPV,RS,F1S
0.83575,0.798693067575837,0.798693067575837,0.6316273559919485,0.6602181818181818
