AS,PS,NPV,RS,F1S
0.8756589944708757,0.875901826053407,0.875901826053407,0.875660629273026,0.8756392470084358
