AS,PS,NPV,RS,F1S
0.8627249357326479,0.8629677517654104,0.8629677517654104,0.862718290975685,0.8627004012585829
