AS,PS,NPV,RS,F1S
0.884318766066838,0.8881949265687583,0.8881949265687583,0.8842930946248293,0.8840243375971035
