AS,PS,NPV,RS,F1S
0.9034332004629034,0.9073813723752558,0.9073813723752558,0.9034395313573051,0.9031996506883433
