AS,PS,NPV,RS,F1S
0.8539282499678539,0.8547587985336329,0.8547587985336329,0.8539251391759177,0.8538419278242493
