AS,PS,NPV,RS,F1S
0.8375321336760926,0.8384950122149837,0.8384950122149837,0.8375458363467956,0.83742035284931
