AS,PS,NPV,RS,F1S
0.8284685611418284,0.8302067347462798,0.8302067347462798,0.828463895740545,0.8282411206053346
