AS,PS,NPV,RS,F1S
0.825706940874036,0.826747533374488,0.826747533374488,0.8257214334352624,0.825572490105444
