AS,PS,NPV,RS,F1S
0.8113668509708114,0.8128652277588447,0.8128652277588447,0.8113624002277184,0.8111392127796417
