AS,PS,NPV,RS,F1S
0.8133676092544987,0.8141618013067573,0.8141618013067573,0.8133805125211999,0.8132538740626457
