AS,PS,NPV,RS,F1S
0.8465989456088466,0.8484202712684302,0.8484202712684302,0.8465942970412486,0.8463969816995919
