AS,PS,NPV,RS,F1S
0.8395886889460155,0.841779728651237,0.841779728651237,0.8396092649689773,0.8393368873865001
