AS,PS,NPV,RS,F1S
0.9671829231198723,0.9499657234724154,0.9711617074296616,0.9386894829406622,0.9429711403088755
