AS,PS,NPV,RS,F1S
0.9677333333333333,0.9500679574243763,0.9714681435663448,0.9402396505879022,0.9439902067286825
