AS,PS,NPV,RS,F1S
0.9514743934299178,0.9290428483435759,0.9568996859701655,0.9110027538547062,0.917218026427996
