AS,PS,NPV,RS,F1S
0.9525666666666667,0.9308788325719005,0.9579846586449116,0.9126503785361777,0.9190943024128853
