AS,PS,NPV,RS,F1S
0.9604333333333334,0.9446585490825816,0.9662480989192751,0.9227292344302106,0.9307735332279073
