AS,PS,NPV,RS,F1S
0.9597328299937082,0.9437988022765573,0.9656268945302263,0.9214141993657385,0.9296315551503006
