AS,PS,NPV,RS,F1S
0.8962403696712875,0.8761529085221541,0.9157211768902399,0.779800060442112,0.8143887759419245
