AS,PS,NPV,RS,F1S
0.8971333333333332,0.8775477221877801,0.9165220237118553,0.7818982614817358,0.8167752015491114
