AS,PS,NPV,RS,F1S
0.8491147806014242,0.8090667950667804,0.8782954408719137,0.6755414460259442,0.7155227158010172
