AS,PS,NPV,RS,F1S
0.8495333333333334,0.8088036268965227,0.8779987098786847,0.6775607912086895,0.7171030796000443
