AS,PS,NPV,RS,F1S
0.9300407921765689,0.9091416619524413,0.9415529549106653,0.859005371812124,0.87932252316614
