AS,PS,NPV,RS,F1S
0.9297999999999998,0.9096369667737667,0.9416055988330067,0.8578654573836196,0.8788819820389048
