AS,PS,NPV,RS,F1S
0.8220000000000001,0.6732457893060414,0.8359475360926987,0.6690274445070955,0.669911804443827
