AS,PS,NPV,RS,F1S
0.824281136847544,0.6773603040589883,0.8382071242762107,0.6726555250682945,0.6737224815979553
