AS,PS,NPV,RS,F1S
0.9381,0.9187857101045189,0.94796161557921,0.8775886882658465,0.8954592482659759
