AS,PS,NPV,RS,F1S
0.9380575590528215,0.9183427329025048,0.9478785918659488,0.8775252301890295,0.8951686618394161
