AS,PS,NPV,RS,F1S
0.9346333333333332,0.9140930486521984,0.94500696926386,0.8705841355467472,0.8893810613391762
