AS,PS,NPV,RS,F1S
0.9341908440522174,0.9133989271974207,0.9445006132300584,0.8699529850461044,0.8886254179839365
