AS,PS,NPV,RS,F1S
0.9641662187444009,0.9491027700729884,0.9694052686346698,0.930316831573264,0.938105805805642
