AS,PS,NPV,RS,F1S
0.9663999999999998,0.9532650148749239,0.9716947940243932,0.93352031818047,0.941724019979964
