AS,PS,NPV,RS,F1S
0.9953582753117747,0.9944778025267969,0.9965824393239163,0.9893763678830075,0.9918779851459002
