AS,PS,NPV,RS,F1S
0.9799666666666668,0.9659842579019635,0.9816960556809203,0.9645506824229378,0.9652579988500486
