AS,PS,NPV,RS,F1S
0.9270999999999999,0.9024565425469954,0.9388041116979279,0.8559825191967168,0.876638982579023
