AS,PS,NPV,RS,F1S
0.9254740684258552,0.900557451500401,0.93742857476159,0.8524429972472078,0.8737051201809675
