AS,PS,NPV,RS,F1S
0.8916569790455714,0.8810211933719669,0.9178592716483344,0.7576419378809579,0.8005955247232248
