AS,PS,NPV,RS,F1S
0.8896666666666667,0.8779151449983041,0.915817664328929,0.7540754234440877,0.7971934373216675
