AS,PS,NPV,RS,F1S
0.9850333333333333,0.9757811483725455,0.9868039608810285,0.9719870369678771,0.9738470282841353
