AS,PS,NPV,RS,F1S
0.8811485143564295,0.8422274595423763,0.9089756887993511,0.7504296088808723,0.7737991898416371
