AS,PS,NPV,RS,F1S
0.8799666666666667,0.8421820226578539,0.9084803409987874,0.747226686440707,0.7704392343552161
