AS,PS,NPV,RS,F1S
0.9524244053050662,0.9369154886447335,0.9607126663408566,0.9050460168623539,0.919661126105364
