AS,PS,NPV,RS,F1S
0.9486666666666667,0.9323057149684026,0.9575987153408244,0.8977654230554372,0.9136003428999384
