AS,PS,NPV,RS,F1S
0.9709579703079622,0.953749332062563,0.9737091632633529,0.9480913007722607,0.9500808017896402
