AS,PS,NPV,RS,F1S
0.9719666666666665,0.9557105097179717,0.9747706815596756,0.9493822411295797,0.9517248132126174
