AS,PS,NPV,RS,F1S
0.995449943124289,0.9950709358890862,0.9968236133261742,0.9890943064614799,0.99201777895593
