AS,PS,NPV,RS,F1S
0.9864666666666667,0.9792690506926366,0.9884464588407497,0.9735411106098373,0.9763248052940471
