AS,PS,NPV,RS,F1S
0.9783830631216223,0.9664640051181053,0.9808887893964382,0.9598278258268138,0.9626705552621684
