AS,PS,NPV,RS,F1S
0.9791,0.9669966145809797,0.9812872583799518,0.9618969880954257,0.9640334777333256
