AS,PS,NPV,RS,F1S
0.9189073196748293,0.895644283445647,0.9329591062199283,0.8325654753231077,0.8550328157350541
