AS,PS,NPV,RS,F1S
0.9195333333333333,0.8977169930888408,0.9338549055878179,0.8329092331267955,0.8563743380313672
