AS,PS,NPV,RS,F1S
0.8946253130418031,0.8980685558337983,0.8980685558337983,0.8883595139948166,0.8918606782551677
