AS,PS,NPV,RS,F1S
0.8933731458293199,0.8961164656995548,0.8961164656995548,0.8875130146472592,0.8906986903899043
