AS,PS,NPV,RS,F1S
0.8774802542862646,0.8780139346084151,0.8780139346084151,0.8726525487302688,0.8748037193216637
