AS,PS,NPV,RS,F1S
0.8862935850510499,0.8862185194452105,0.8862185194452105,0.882411685445925,0.8840330639085425
