AS,PS,NPV,RS,F1S
0.9222211519938355,0.9223755286097428,0.9223755286097428,0.9194937115614823,0.9207837536102995
