AS,PS,NPV,RS,F1S
0.9173569639761125,0.9179767229575537,0.9179767229575537,0.9140201940560722,0.9157266831350396
