AS,PS,NPV,RS,F1S
0.8507031400500867,0.8514242038569018,0.8514242038569018,0.8445356515417701,0.8470895328741588
