AS,PS,NPV,RS,F1S
0.8551338855711809,0.8555001571680546,0.8555001571680546,0.8494945583665048,0.8518006855908469
