AS,PS,NPV,RS,F1S
0.8179541514159121,0.8183910966687317,0.8183910966687317,0.8104279294145376,0.8131305849222457
