AS,PS,NPV,RS,F1S
0.8231554613754575,0.8226084776371301,0.8226084776371301,0.8168876957120539,0.8190220415043792
