AS,PS,NPV,RS,F1S
0.8769023309574263,0.8794852245614728,0.8794852245614728,0.8704629906745427,0.8737045724399425
