AS,PS,NPV,RS,F1S
0.885811982277018,0.8869761716985323,0.8869761716985323,0.8807992993642049,0.883231037939106
