AS,PS,NPV,RS,F1S
0.7823312341642399,0.7959526953774776,0.7959526953774776,0.7303309285795225,0.7432814600598916
