AS,PS,NPV,RS,F1S
0.7795626576955424,0.7917767832353045,0.7917767832353045,0.7275812234098105,0.7402023793910644
