AS,PS,NPV,RS,F1S
0.7956686291000841,0.8092608772374754,0.8092608772374754,0.7472966043253133,0.7611246188234632
