AS,PS,NPV,RS,F1S
0.7990474888821136,0.8130339626676867,0.8130339626676867,0.751326023322641,0.7653852099149587
