AS,PS,NPV,RS,F1S
0.8034841300713857,0.8120398637339361,0.8120398637339361,0.7601732535107506,0.7734849451242777
