AS,PS,NPV,RS,F1S
0.8019764507989907,0.8101654957369006,0.8101654957369006,0.7585236715336807,0.771723130720035
