AS,PS,NPV,RS,F1S
0.7815427315832081,0.8004449938847812,0.8004449938847812,0.7265752522825863,0.7397878990363413
