AS,PS,NPV,RS,F1S
0.7801093355761144,0.7984968526155849,0.7984968526155849,0.7250037172019562,0.738046890853718
