AS,PS,NPV,RS,F1S
0.7482758620689656,0.7407196323183268,0.7407196323183268,0.7015148602595294,0.7102570128176947
