AS,PS,NPV,RS,F1S
0.7469642650630276,0.7391107990090441,0.7391107990090441,0.7000230999883201,0.7086704424032232
