AS,PS,NPV,RS,F1S
0.7862737470693988,0.8020682253742832,0.8020682253742832,0.7341850462704522,0.7476207224232913
