AS,PS,NPV,RS,F1S
0.7821698906644239,0.7966604094391443,0.7966604094391443,0.7296549407153158,0.7426575085739395
