AS,PS,NPV,RS,F1S
0.940848990953375,0.7409091120729359,0.967613088101737,0.7006913881439653,0.7016520676327465
