AS,PS,NPV,RS,F1S
0.9355555555555556,0.72992555154762,0.9644527561086459,0.6880513986721788,0.6884224288615429
