AS,PS,NPV,RS,F1S
0.9897007654836465,0.948611179331649,0.9942844017448149,0.9482005107356212,0.9482898758745592
