AS,PS,NPV,RS,F1S
0.9880306193458595,0.9402198134850053,0.9933723123812035,0.9397790896738597,0.9395473541659605
