AS,PS,NPV,RS,F1S
0.983888888888889,0.9194678648842999,0.991073067044599,0.9178856612150872,0.9175863156737348
