AS,PS,NPV,RS,F1S
0.9844444444444443,0.9235022291347856,0.9913895301517386,0.9215472773767035,0.9212720981251519
