AS,PS,NPV,RS,F1S
0.9866388308977037,0.9332819671057493,0.9926187573040955,0.9325084540271444,0.9320372065593633
