AS,PS,NPV,RS,F1S
0.9837160751565761,0.9175711634022526,0.9909851542177208,0.9178342885801112,0.9172876644624989
