AS,PS,NPV,RS,F1S
0.9755555555555556,0.8825124664904399,0.9864660853350135,0.8805290743681592,0.8773759491204622
