AS,PS,NPV,RS,F1S
0.9761111111111112,0.8875912650370044,0.9868270388682264,0.8794498347259976,0.8797595495686584
