AS,PS,NPV,RS,F1S
0.9822222222222223,0.912102235557511,0.9901510976038692,0.9094944041746367,0.9091209481370338
