AS,PS,NPV,RS,F1S
0.9887265135699372,0.9429717120850825,0.993750943979402,0.9435357639682916,0.9430428410791988
