AS,PS,NPV,RS,F1S
0.981111111111111,0.9092965677462933,0.989533011624709,0.9052691304590217,0.9054660180072786
