AS,PS,NPV,RS,F1S
0.9909533750869868,0.9550950480592452,0.9949850457812566,0.9544297658078698,0.9544518932818573
