AS,PS,NPV,RS,F1S
0.9566666666666668,0.8023719558475657,0.9758696880818848,0.7833426660236488,0.7869521242893441
