AS,PS,NPV,RS,F1S
0.9819067501739734,0.9144344927289257,0.99002061220614,0.9093740957281164,0.9090715008371013
