AS,PS,NPV,RS,F1S
0.9839944328462072,0.9205350765139435,0.9911137042863484,0.9197129209907777,0.9198905533042406
