AS,PS,NPV,RS,F1S
0.9683333333333334,0.8556456059500492,0.9824838387450221,0.8415444486121532,0.8428623875010498
