AS,PS,NPV,RS,F1S
0.9744444444444446,0.8777079716741065,0.9857985103678673,0.8738155250392685,0.8730600931154093
