AS,PS,NPV,RS,F1S
0.9709116214335423,0.8537970235853258,0.9840384403034192,0.8529296178589622,0.8486703550588437
