AS,PS,NPV,RS,F1S
0.9583333333333334,0.7983255903998938,0.9770675366586359,0.7945483577333727,0.7876447169147013
