AS,PS,NPV,RS,F1S
0.9606123869171885,0.801372438770888,0.9782948734789898,0.8021949736674401,0.7981869908022803
