AS,PS,NPV,RS,F1S
0.9505555555555556,0.7598038164049103,0.972891400020343,0.7500312679630946,0.7446620959244498
