AS,PS,NPV,RS,F1S
0.9533333333333331,0.769665882380138,0.9743758222318144,0.7675139442328114,0.7583318884050073
