AS,PS,NPV,RS,F1S
0.9567153792623522,0.7842672815068978,0.9760957000465089,0.7834642010864152,0.780257275612845
