AS,PS,NPV,RS,F1S
0.9993041057759221,0.9965782858609774,0.9996137720257966,0.9964936871542859,0.9965286852953739
