AS,PS,NPV,RS,F1S
0.9916666666666668,0.9604099258510279,0.9954050943985617,0.9558589424141749,0.9575327505185006
