AS,PS,NPV,RS,F1S
0.9990257480862909,0.995188866783994,0.9994601033413317,0.9950496250126948,0.995099057242442
