AS,PS,NPV,RS,F1S
0.9911111111111112,0.9575127266877409,0.9950857698804711,0.9538540722843049,0.9549611725448356
