AS,PS,NPV,RS,F1S
0.97160751565762,0.8562122817408125,0.9843103748284114,0.8561186512284886,0.8550891159054146
