AS,PS,NPV,RS,F1S
0.9583333333333333,0.7893240312957804,0.9769736908169312,0.7979590480682941,0.7893060791138894
