Model,Time
AGTO-ELM,94.9450312461704
AVOA-ELM,47.8311085999012
ARO-ELM,49.16258194018155
HGSO-ELM,52.54804058698937
EVO-ELM,57.63783694477752
TLO-ELM,95.92252633487806
