AS,PS,NPV,RS,F1S
0.9834377174669451,0.9164751157034251,0.9908486914980195,0.9164103796983577,0.9156828573975009
