AS,PS,NPV,RS,F1S
0.985525400139179,0.9281682644897267,0.9920420953837332,0.9270594258438839,0.9253782491371029
