AS,PS,NPV,RS,F1S
0.9816666666666667,0.9097940372321176,0.9899361880232039,0.9053138528138529,0.904400398817881
