AS,PS,NPV,RS,F1S
0.9800000000000001,0.9000441321674474,0.9889342795825989,0.8999085837476685,0.8978947351529605
