AS,PS,NPV,RS,F1S
0.8639922480620155,0.8245858784664234,0.8245858784664234,0.7491825476091238,0.7767367788788921
