AS,PS,NPV,RS,F1S
0.862966981863277,0.8225816213757051,0.8225816213757051,0.7476904990762838,0.7750448199611903
