AS,PS,NPV,RS,F1S
0.8618604651162791,0.8219588704091463,0.8219588704091463,0.7441932934357773,0.7721660442309359
