AS,PS,NPV,RS,F1S
0.8536660982793365,0.8080065845897839,0.8080065845897839,0.7295261879629638,0.7569802670855241
