AS,PS,NPV,RS,F1S
0.8617054263565892,0.8291294891127383,0.8291294891127383,0.7352563312186206,0.7667398039049798
