AS,PS,NPV,RS,F1S
0.8573864517129127,0.8187867052159977,0.8187867052159977,0.7306368516541946,0.7605032155550153
