AS,PS,NPV,RS,F1S
0.8483955975817703,0.7956117684667654,0.7956117684667654,0.7251337977327044,0.750328854266985
