AS,PS,NPV,RS,F1S
0.8518604651162791,0.8022899585932014,0.8022899585932014,0.7302233325993441,0.7560641441097979
