AS,PS,NPV,RS,F1S
0.8280232558139535,0.754929782226436,0.754929782226436,0.7005254880560109,0.7203953589976273
