AS,PS,NPV,RS,F1S
0.8273135947915052,0.7532951407851207,0.7532951407851207,0.7004426789143647,0.7198866233728167
