AS,PS,NPV,RS,F1S
0.8575414664393117,0.8114778203327322,0.8114778203327322,0.7409097712289735,0.7668052625937518
