AS,PS,NPV,RS,F1S
0.8633720930232558,0.8212880149138806,0.8212880149138806,0.7511378822127078,0.777308716347425
