AS,PS,NPV,RS,F1S
0.7790826035303889,0.7900866890081701,0.7900866890081701,0.7276601967902725,0.7401485899196569
