AS,PS,NPV,RS,F1S
0.7764087468460892,0.7850577011650086,0.7850577011650086,0.7256519863152429,0.737741572369474
