AS,PS,NPV,RS,F1S
0.798973895307884,0.8124779655198051,0.8124779655198051,0.7515050268077332,0.7654931254314468
