AS,PS,NPV,RS,F1S
0.7987384356602186,0.8121900265571951,0.8121900265571951,0.7512443981677515,0.7652122125195129
