AS,PS,NPV,RS,F1S
0.8051303616484441,0.8159014996590277,0.8159014996590277,0.760846827122987,0.7746312212255109
