AS,PS,NPV,RS,F1S
0.8055868036208038,0.8164649691613988,0.8164649691613988,0.7613473862073691,0.7751669375395307
