AS,PS,NPV,RS,F1S
0.7830950378469302,0.7971723325708222,0.7971723325708222,0.7310627544969092,0.7441084345735551
