AS,PS,NPV,RS,F1S
0.7815742716864493,0.7946727031103994,0.7946727031103994,0.7296535550026944,0.7425031902097852
