AS,PS,NPV,RS,F1S
0.7498133877224892,0.7568170786367361,0.7568170786367361,0.6916869231297074,0.7010482980199612
