AS,PS,NPV,RS,F1S
0.7518502943650126,0.7602616887379621,0.7602616887379621,0.6935598587001944,0.7031601223203228
