AS,PS,NPV,RS,F1S
0.7895118643355026,0.8043712342584638,0.8043712342584638,0.7387998528407311,0.7523921736763614
