AS,PS,NPV,RS,F1S
0.7897392767031118,0.8043669057345144,0.8043669057345144,0.7392206767645938,0.7528043586666469
