AS,PS,NPV,RS,F1S
0.881413734304759,0.846417598407521,0.846417598407521,0.7877349761692752,0.8114283329921731
