AS,PS,NPV,RS,F1S
0.8847674418604651,0.8537274294542863,0.8537274294542863,0.7909072008273107,0.8160217378694662
