AS,PS,NPV,RS,F1S
0.8735079832584095,0.8484189696985849,0.8484189696985849,0.7569839622437526,0.7891090203695068
