AS,PS,NPV,RS,F1S
0.8784883720930232,0.857526857688539,0.857526857688539,0.7650144911376421,0.7978166563604396
