AS,PS,NPV,RS,F1S
0.8765891472868217,0.8562517602769497,0.8562517602769497,0.7599198430424002,0.7934251380125539
