AS,PS,NPV,RS,F1S
0.8702526740040304,0.8433465560417976,0.8433465560417976,0.7508299264368707,0.7828997355427341
