AS,PS,NPV,RS,F1S
0.8738180127112075,0.8457920946017154,0.8457920946017154,0.7607432720639544,0.7913937881747835
