AS,PS,NPV,RS,F1S
0.8825968992248062,0.8611380811540041,0.8611380811540041,0.7752116163902785,0.8067230636942553
