AS,PS,NPV,RS,F1S
0.9315116279069767,0.9465293158914541,0.9465293158914541,0.8520596542236772,0.888754019567717
