AS,PS,NPV,RS,F1S
0.9226476515268951,0.9382225597504259,0.9382225597504259,0.833469524949602,0.8725707713309581
