AS,PS,NPV,RS,F1S
0.8567441860465116,0.8255523865614061,0.8255523865614061,0.7210797954866405,0.7538655961938745
