AS,PS,NPV,RS,F1S
0.8594016431560998,0.8333174206815511,0.8333174206815511,0.7230253549476449,0.7571450480755562
