AS,PS,NPV,RS,F1S
0.8569214075337157,0.816278705434828,0.816278705434828,0.7318651034677194,0.760907685164472
