AS,PS,NPV,RS,F1S
0.8578682170542635,0.8177071463296641,0.8177071463296641,0.733879890811616,0.7628879481308346
