AS,PS,NPV,RS,F1S
0.9282281816772593,0.9328775170242052,0.9328775170242052,0.8528122445529671,0.8849697858289848
