AS,PS,NPV,RS,F1S
0.9567829457364341,0.9690270065168863,0.9690270065168863,0.9049290300782036,0.9324094685662219
