AS,PS,NPV,RS,F1S
0.8486434108527132,0.800509240550844,0.800509240550844,0.718816845445466,0.7464594306060489
