AS,PS,NPV,RS,F1S
0.8499457448457604,0.8059110557355657,0.8059110557355657,0.7169701633653538,0.7461534609095628
