AS,PS,NPV,RS,F1S
0.8766082777863897,0.869990207378083,0.869990207378083,0.7487956168202543,0.7872354425009033
