AS,PS,NPV,RS,F1S
0.8916666666666667,0.8922666963973793,0.8922666963973793,0.7776500357258012,0.8166164293099643
