AS,PS,NPV,RS,F1S
0.8700976592776314,0.8399788773588988,0.8399788773588988,0.7537827572427964,0.7844084956310116
