AS,PS,NPV,RS,F1S
0.8734108527131783,0.8464285104815997,0.8464285104815997,0.758711042867591,0.7899664614554802
