AS,PS,NPV,RS,F1S
0.9327131782945737,0.955279872065173,0.955279872065173,0.8495865131730466,0.8895542541793258
