AS,PS,NPV,RS,F1S
0.9245078282436832,0.9483499466440733,0.9483499466440733,0.8321172966441543,0.8743426877252979
