AS,PS,NPV,RS,F1S
0.9022868217054264,0.8984745129018606,0.8984745129018606,0.8042881563913795,0.8392664287238067
