AS,PS,NPV,RS,F1S
0.8911796620678964,0.874598874312744,0.874598874312744,0.7904279196744655,0.8220376029199559
