AS,PS,NPV,RS,F1S
0.860796775693691,0.8226090245128321,0.8226090245128321,0.7391792250781277,0.7683706563385454
