AS,PS,NPV,RS,F1S
0.8675581395348837,0.8363995308713847,0.8363995308713847,0.7486049875128215,0.7793780679582849
