AS,PS,NPV,RS,F1S
0.882988298829883,0.885315158248833,0.885315158248833,0.8829833036516417,0.8828104094193203
