AS,PS,NPV,RS,F1S
0.8812339331619538,0.8842971242941827,0.8842971242941827,0.8812568992425107,0.8810012848190327
