AS,PS,NPV,RS,F1S
0.8431876606683805,0.8432502374219257,0.8432502374219257,0.8431841828124802,0.8431795357389933
