AS,PS,NPV,RS,F1S
0.8512279799408512,0.8516021789633902,0.8516021789633902,0.8512300772887971,0.8511889181485623
