AS,PS,NPV,RS,F1S
0.8233251896618233,0.8282463416632088,0.8282463416632088,0.8233173165951873,0.8226580387757202
