AS,PS,NPV,RS,F1S
0.8236503856041131,0.8290766197691819,0.8290766197691819,0.8236833813372582,0.8229306923229844
