AS,PS,NPV,RS,F1S
0.8498714652956298,0.8503476986668022,0.8503476986668022,0.8498809418074007,0.8498228356867101
