AS,PS,NPV,RS,F1S
0.8604860486048604,0.8610909498991454,0.8610909498991454,0.8604834174050053,0.8604269717632764
