AS,PS,NPV,RS,F1S
0.851999485662852,0.8538719066613318,0.8538719066613318,0.8520041623149391,0.8518046319666641
