AS,PS,NPV,RS,F1S
0.8437017994858612,0.8452987993634565,0.8452987993634565,0.8436843118098114,0.8435161131189435
