AS,PS,NPV,RS,F1S
0.8355406969268355,0.8361322604795378,0.8361322604795378,0.8355379991788594,0.8354675299491772
