AS,PS,NPV,RS,F1S
0.8370179948586118,0.8379426127484346,0.8379426127484346,0.8370314330546145,0.8369102174962473
