AS,PS,NPV,RS,F1S
0.8163816381638164,0.8187064303529223,0.8187064303529223,0.8163761458667318,0.8160443684401277
