AS,PS,NPV,RS,F1S
0.8164524421593831,0.8206210513461576,0.8206210513461576,0.8164817352467233,0.8158634817717139
