AS,PS,NPV,RS,F1S
0.9753118168959753,0.9760954928268626,0.9760954928268626,0.9753144288470065,0.9753017512589095
