AS,PS,NPV,RS,F1S
0.9609254498714653,0.9621583196035649,0.9621583196035649,0.9609122226028701,0.9608985658751504
