AS,PS,NPV,RS,F1S
0.8071235694998071,0.8113320509241418,0.8113320509241418,0.807116092979354,0.8064669294113198
