AS,PS,NPV,RS,F1S
0.7969151670951157,0.7998935334093656,0.7998935334093656,0.796940754274887,0.7964192146449383
