AS,PS,NPV,RS,F1S
0.9213367609254499,0.9266764741151883,0.9266764741151883,0.9213655530601974,0.9210934726216875
