AS,PS,NPV,RS,F1S
0.9543525781149543,0.956845181095928,0.956845181095928,0.9543478321254313,0.9542898917585843
