AS,PS,NPV,RS,F1S
0.8741159830268741,0.8747126439065802,0.8747126439065802,0.8741134181880518,0.8740653107552951
