AS,PS,NPV,RS,F1S
0.8802056555269923,0.8820094674153913,0.8820094674153913,0.8802233345598653,0.8800675581798776
