AS,PS,NPV,RS,F1S
0.8945608846598946,0.8956733380687754,0.8956733380687754,0.8945574769292306,0.894486132105691
