AS,PS,NPV,RS,F1S
0.8910025706940874,0.8922036835529763,0.8922036835529763,0.8910168161766883,0.8909215769680887
