AS,PS,NPV,RS,F1S
0.7773778920308483,0.7794105117418393,0.7794105117418393,0.7773997733030507,0.7769814959135938
