AS,PS,NPV,RS,F1S
0.7754918348977755,0.7774184402774481,0.7774184402774481,0.7754864741959753,0.7750990689959061
