AS,PS,NPV,RS,F1S
0.8411311053984576,0.8435060621159276,0.8435060621159276,0.8411524748455204,0.8408618806474033
