AS,PS,NPV,RS,F1S
0.8435129227208435,0.8462726128217704,0.8462726128217704,0.8435071828635583,0.8431989562732327
