AS,PS,NPV,RS,F1S
0.9877777777777779,0.9451145303971391,0.9932597746412757,0.9363589382194032,0.9388609064518014
