AS,PS,NPV,RS,F1S
0.9938761308281142,0.9693159278608429,0.9966015969819123,0.969375562430178,0.9692424774054974
