AS,PS,NPV,RS,F1S
0.9827777777777778,0.91630429085861,0.9905098649867335,0.9109058399610724,0.9117386725649922
