AS,PS,NPV,RS,F1S
0.9888888888888889,0.9465584774420982,0.9938570605362591,0.9436580086580086,0.9436347154272952
