AS,PS,NPV,RS,F1S
0.9969380654140572,0.9847770219257745,0.9983004021216308,0.9846867420591827,0.9846677746862659
