AS,PS,NPV,RS,F1S
0.9812108559498955,0.9066797508758515,0.9896356661615753,0.9047922384454795,0.904031347494778
