AS,PS,NPV,RS,F1S
0.9694444444444444,0.8553179912643525,0.9830911281014412,0.8473036393568089,0.8474714628721349
