AS,PS,NPV,RS,F1S
0.9717466945024356,0.8596610429111274,0.9843517986538952,0.8588564217324007,0.8577612198513908
