AS,PS,NPV,RS,F1S
0.9627777777777778,0.8076024730432783,0.9794964299364365,0.8079832823465607,0.8045510792940999
