AS,PS,NPV,RS,F1S
0.9934585942936673,0.9672206401222712,0.9963707379874579,0.9671483031417182,0.9670810799181891
