AS,PS,NPV,RS,F1S
0.9850000000000001,0.9260096153846155,0.9916861148870859,0.9236026674417523,0.9237139155627817
