AS,PS,NPV,RS,F1S
0.9333333333333332,0.8783068783068783,0.9551414768806072,0.875,0.8745098039215686
