AS,PS,NPV,RS,F1S
0.9555555555555556,0.9466666666666667,0.9689922480620154,0.9365079365079364,0.9359267734553777
