AS,PS,NPV,RS,F1S
0.9555555555555556,0.9333333333333332,0.9658994032395567,0.9345238095238096,0.928395061728395
