AS,PS,NPV,RS,F1S
0.9722222222222223,0.9618233618233618,0.9790946502057615,0.9603174603174603,0.9602667801901518
