AS,PS,NPV,RS,F1S
0.9777777777777779,0.9710144927536232,0.983739837398374,0.9682539682539683,0.9681818181818183
