AS,PS,NPV,RS,F1S
0.9777777777777779,0.9682539682539683,0.982905982905983,0.9682539682539683,0.9682539682539683
