AS,PS,NPV,RS,F1S
0.9555555555555556,0.9212962962962963,0.9652406417112299,0.9345238095238096,0.9263798111837328
