AS,PS,NPV,RS,F1S
0.9777777777777779,0.9689393939393939,0.9831140350877193,0.9682539682539684,0.9682359614293817
