AS,PS,NPV,RS,F1S
0.9888888888888889,0.9848484848484849,0.9916666666666667,0.9841269841269842,0.9841179807146908
