AS,PS,NPV,RS,F1S
0.8652922027592621,0.8293824903514118,0.8293824903514118,0.7481621151990125,0.7772269923242343
