AS,PS,NPV,RS,F1S
0.8675581395348837,0.8366356599522631,0.8366356599522631,0.748350665870513,0.7792338486041874
