AS,PS,NPV,RS,F1S
0.8488606417609673,0.8117620211075025,0.8117620211075025,0.7061016511759233,0.7378428911699916
