AS,PS,NPV,RS,F1S
0.8550387596899225,0.8236313341602282,0.8236313341602282,0.7168722187520011,0.7497700053061456
