AS,PS,NPV,RS,F1S
0.8730429390792125,0.8448897159326549,0.8448897159326549,0.7589752381177026,0.789773562189196
