AS,PS,NPV,RS,F1S
0.8758527131782946,0.8509182669901889,0.8509182669901889,0.7625636787127028,0.7941680734968433
