AS,PS,NPV,RS,F1S
0.8428682170542635,0.7940802487117287,0.7940802487117287,0.7029110348910756,0.7315472994464043
