AS,PS,NPV,RS,F1S
0.8392497287242288,0.7891276067026115,0.7891276067026115,0.6938430016744548,0.7225295209843239
