AS,PS,NPV,RS,F1S
0.8173926523019687,0.7415563812116013,0.7415563812116013,0.6617883391334114,0.6846926473629337
