AS,PS,NPV,RS,F1S
0.8216666666666667,0.7506721037393467,0.7506721037393467,0.6686065771986254,0.6925636455201633
