AS,PS,NPV,RS,F1S
0.8642070996744691,0.8421570129260367,0.8421570129260367,0.7314437518796549,0.7663374678351373
