AS,PS,NPV,RS,F1S
0.867170542635659,0.8457786575959689,0.8457786575959689,0.7381839089531329,0.7729311614756538
