AS,PS,NPV,RS,F1S
0.8168629100084104,0.8253179945117769,0.8253179945117769,0.7769446844368046,0.790447126373894
