AS,PS,NPV,RS,F1S
0.8148490806059905,0.8235509867510598,0.8235509867510598,0.7742760603380653,0.7878210505271163
