AS,PS,NPV,RS,F1S
0.7787216148023549,0.7949088303290204,0.7949088303290204,0.7243402262896353,0.7371402193516019
