AS,PS,NPV,RS,F1S
0.7788092559689646,0.7956236970831838,0.7956236970831838,0.724123065586671,0.7369638236715206
