AS,PS,NPV,RS,F1S
0.7882253994953743,0.7969762582273858,0.7969762582273858,0.7407508406322787,0.7535487588543017
