AS,PS,NPV,RS,F1S
0.7905632011102116,0.80062108176964,0.80062108176964,0.7429036226528629,0.7559976232518759
