AS,PS,NPV,RS,F1S
0.7995794785534063,0.8076279862403071,0.8076279862403071,0.7555976357436596,0.768706432668186
