AS,PS,NPV,RS,F1S
0.7985954140689887,0.8060153907376997,0.8060153907376997,0.7547670504027881,0.7677289661279134
