AS,PS,NPV,RS,F1S
0.8292262405382674,0.8200730737848873,0.8200730737848873,0.8099266225962445,0.8143138703462012
