AS,PS,NPV,RS,F1S
0.9081762460969123,0.9071074518532534,0.9071074518532534,0.8947548292216098,0.900220026241472
