AS,PS,NPV,RS,F1S
0.7520737617881136,0.7612352403052194,0.7612352403052194,0.6934036221817632,0.7030146109079887
