AS,PS,NPV,RS,F1S
0.7527333894028595,0.762738572677244,0.762738572677244,0.6937988132965789,0.7034771466542455
