AS,PS,NPV,RS,F1S
0.7776703111858705,0.7941214989522849,0.7941214989522849,0.7228552430242593,0.7355650867022838
