AS,PS,NPV,RS,F1S
0.7811747637120598,0.7982260585166565,0.7982260585166565,0.7270299575774863,0.7401106362172776
