AS,PS,NPV,RS,F1S
0.9943122680488241,0.9942664977762207,0.9942664977762207,0.9935469480239467,0.9939046212837045
