AS,PS,NPV,RS,F1S
0.8638351555929352,0.8612639398831164,0.8612639398831164,0.8435013549522118,0.8507547194679556
