AS,PS,NPV,RS,F1S
0.758287162126644,0.768353528411291,0.768353528411291,0.7011206320934048,0.7115361255540714
