AS,PS,NPV,RS,F1S
0.7632043734230446,0.7741971074075591,0.7741971074075591,0.7070626965942309,0.7180665651935056
