AS,PS,NPV,RS,F1S
0.8110117013783025,0.8186128539155497,0.8186128539155497,0.7702274698068938,0.7834625920098632
