AS,PS,NPV,RS,F1S
0.8045416316232128,0.8108486244028782,0.8108486244028782,0.7630201394589489,0.7758643489531831
