AS,PS,NPV,RS,F1S
0.8173092086588096,0.831200448627574,0.831200448627574,0.7741644373821455,0.7888951540395532
