AS,PS,NPV,RS,F1S
0.8178721614802354,0.8332825375532527,0.8332825375532527,0.7740167738544168,0.7890570546489315
