AS,PS,NPV,RS,F1S
0.8569386038687973,0.8577751050325104,0.8577751050325104,0.8318292006736011,0.8415536988011483
