AS,PS,NPV,RS,F1S
0.9279939443001777,0.9304888517528722,0.9304888517528722,0.9146478397098208,0.9215204622280213
