AS,PS,NPV,RS,F1S
0.8418999758192541,0.8508039841804171,0.8508039841804171,0.8074131600068613,0.8209891989043072
