AS,PS,NPV,RS,F1S
0.8280487804878048,0.8346240394301279,0.8346240394301279,0.7920516098296659,0.8050164868700689
