AS,PS,NPV,RS,F1S
0.7834246244099372,0.8025860730191708,0.8025860730191708,0.7288483727590132,0.7422593604167622
