AS,PS,NPV,RS,F1S
0.7804878048780488,0.7987298580323401,0.7987298580323401,0.7255596291195598,0.7386340789176866
