AS,PS,NPV,RS,F1S
0.8159186936165354,0.7249618035104022,0.866735646619162,0.7238780404248031,0.7176937931425568
