AS,PS,NPV,RS,F1S
0.818020903814475,0.7279669747315488,0.8679880170450273,0.7270313557217126,0.721330316134634
