AS,PS,NPV,RS,F1S
0.8069551861273129,0.710338158069055,0.8591737924411408,0.7104327791909691,0.7056709067946992
