AS,PS,NPV,RS,F1S
0.8048418408130639,0.706972209497204,0.8578128874234562,0.7072627612195959,0.7021477688689503
