AS,PS,NPV,RS,F1S
0.8035628639945186,0.7045339859161782,0.856009919515991,0.705344295991778,0.7013481115994966
