AS,PS,NPV,RS,F1S
0.804380037171219,0.7060969627942425,0.8564430345824797,0.7065700557568283,0.7028652267312481
