AS,PS,NPV,RS,F1S
0.7444892668819286,0.6130746185108077,0.8156036394784761,0.6167339003228928,0.6067117122381602
