AS,PS,NPV,RS,F1S
0.7450725134178372,0.6144970528164097,0.8161788263919432,0.6176087701267557,0.6074993130271465
