AS,PS,NPV,RS,F1S
0.6994213052179599,0.5254310457228397,0.8015840726036793,0.5491319578269397,0.48605203703990146
