AS,PS,NPV,RS,F1S
0.7003083247687565,0.5283995560007544,0.8028278037327192,0.5504624871531346,0.48601999178281147
