AS,PS,NPV,RS,F1S
0.7599458704831402,0.6345637740014342,0.8270525452224929,0.6399188057247104,0.6294059597879823
