AS,PS,NPV,RS,F1S
0.7597579079593467,0.6338998597907959,0.8271744715355535,0.6396368619390201,0.6287605669837442
